{"kind":"identitytoolkit#DownloadAccountResponse","users":[{"localId":"iORvqhW7CMBJgW4LYTmZLj1FLbUN","createdAt":"1752440967478","lastLoginAt":"1756217765429","displayName":"","photoUrl":"","passwordHash":"fakeHash:salt=fakeSaltnGVLwtRumARTPTZk7qub:password=123123","salt":"fakeSaltnGVLwtRumARTPTZk7qub","passwordUpdatedAt":1756216344086,"providerUserInfo":[{"providerId":"password","email":"1@1.de","federatedId":"1@1.de","rawId":"1@1.de","displayName":"","photoUrl":""}],"validSince":"1756216344","email":"1@1.de","emailVerified":true,"disabled":false,"lastRefreshAt":"2025-08-26T14:16:05.429Z"},{"localId":"qihATzecExj1BxdXFVycc9Fqla3f","createdAt":"1752438952945","lastLoginAt":"1755197831129","displayName":"manager1@test.com","photoUrl":"","passwordHash":"fakeHash:salt=fakeSaltYvppJLYlUHo97Zxwbewu:password=123456","salt":"fakeSaltYvppJLYlUHo97Zxwbewu","passwordUpdatedAt":1756216344086,"customAttributes":"{\"admin\":true}","providerUserInfo":[{"providerId":"password","email":"manager1@test.com","federatedId":"manager1@test.com","rawId":"manager1@test.com","displayName":"manager1@test.com","photoUrl":""}],"validSince":"1756216344","email":"manager1@test.com","emailVerified":true,"disabled":false,"lastRefreshAt":"2025-08-26T14:07:28.449Z"}]}