{"kind":"identitytoolkit#DownloadAccountResponse","users":[{"localId":"iORvqhW7CMBJgW4LYTmZLj1FLbUN","createdAt":"1752440967478","lastLoginAt":"1755197856342","displayName":"","photoUrl":"","passwordHash":"fakeHash:salt=fakeSaltnGVLwtRumARTPTZk7qub:password=123123","salt":"fakeSaltnGVLwtRumARTPTZk7qub","passwordUpdatedAt":1755363710132,"providerUserInfo":[{"providerId":"password","email":"1@1.de","federatedId":"1@1.de","rawId":"1@1.de","displayName":"","photoUrl":""}],"validSince":"1755363710","email":"1@1.de","emailVerified":true,"disabled":false,"lastRefreshAt":"2025-08-17T07:43:03.246Z"},{"localId":"qihATzecExj1BxdXFVycc9Fqla3f","createdAt":"1752438952945","lastLoginAt":"1755197831129","displayName":"manager1@test.com","photoUrl":"","passwordHash":"fakeHash:salt=fakeSaltYvppJLYlUHo97Zxwbewu:password=123456","salt":"fakeSaltYvppJLYlUHo97Zxwbewu","passwordUpdatedAt":1755363710132,"customAttributes":"{\"admin\":true}","providerUserInfo":[{"providerId":"password","email":"manager1@test.com","federatedId":"manager1@test.com","rawId":"manager1@test.com","displayName":"manager1@test.com","photoUrl":""}],"validSince":"1755363710","email":"manager1@test.com","emailVerified":true,"disabled":false,"lastRefreshAt":"2025-08-17T07:42:12.553Z"}]}